﻿Date,Type,Holiday
01-Jan-19,Federal holiday,New Year's Day
18-Jan-19,Federal holiday,Martin Luther King Jr. Day
15-Feb-19,Federal holiday,Presidents' Day
31-May-19,Federal holiday,Memorial Day
04-Jul-19,Federal holiday,Independence Day
05-Jul-19,Federal holiday,Independence Day observed
06-Sep-19,Federal holiday,Labor Day
11-Oct-19,Federal holiday,Columbus Day
11-Nov-19,Federal holiday,Veterans Day
25-Nov-19,Federal holiday,Thanksgiving Day
24-Dec-19,Federal holiday,Day off for Christmas Day
25-Dec-19,Federal holiday,Christmas Day
31-Dec-19,Federal holiday,Day off for New Year's Day
